StoreNo,Date,Time,Millisecond,Uac-1,Uac-2,Uac-3,Uac-4,Uac-5,Uac-6,Uac-SIGMA,Uac-SIGMB,Uac-SIGMC,Iac-1,Iac-2,Iac-3,Iac-4,Iac-5,Iac-6,Iac-SIGMA,Iac-SIGMB,Iac-SIGMC,P-1,P-2,P-3,P-4,P-5,P-6,P-SIGMA,P-SIGMB,P-SIGMC,S-1,S-2,S-3,S-4,S-5,S-6,S-SIGMA,S-SIGMB,S-SIGMC,Q-1,Q-2,Q-3,Q-4,Q-5,Q-6,Q-SIGMA,Q-SIGMB,Q-SIGMC,PF-1,PF-2,PF-3,PF-4,PF-5,PF-6,PF-SIGMA,PF-SIGMB,PF-SIGMC,Phi-1,Phi-2,Phi-3,Phi-4,Phi-5,Phi-6,Phi-SIGMA,Phi-SIGMB,Phi-SIGMC,FreqU-1,FreqU-2,FreqU-3,FreqU-4,FreqU-5,FreqU-6,FreqI-1,FreqI-2,FreqI-3,FreqI-4,FreqI-5,FreqI-6,Uthd-1,Uthd-2,Uthd-3,Uthd-4,Uthd-5,Uthd-6,Ithd-1,Ithd-2,Ithd-3,Ithd-4,Ithd-5,Ithd-6,---------,---------,---------,---------,---------,---------,---------,---------,---------,---------,---------,---------,---------,---------,---------,---------,---------,---------,---------,---------,---------,---------,---------,---------,---------,---------,---------,---------,---------,---------,---------,---------,---------,---------,---------,---------,---------,---------,---------,---------,---------,---------,---------,---------,---------,---------,---------,---------,---------,---------,---------,---------,---------,---------,---------,---------,---------,---------,---------,---------,---------,---------,---------,---------,---------,---------,---------,---------,---------,---------,---------,---------,---------,---------,---------,---------,---------,---------,---------,---------,---------,---------,---------,---------,---------,---------,---------,---------,---------,---------,---------,---------,---------,---------,---------,---------,---------,---------,---------,---------,---------,---------,---------,---------,---------,---------,---------,---------,---------,---------,---------,---------,---------,MeasureMode,DisplayMode,IntegrateMode,UpdateRate
19,2026/07/21,09:34:09,347,501.847 ,501.683 ,501.045 ,123.233 ,122.894 ,123.064 ,501.525 ,123.064 ,NAN,0.60287E+03,0.60404E+03,0.60452E+03,1.39210E+03,1.39135E+03,1.39434E+03,0.60381E+03,1.39260E+03,NAN,279.533E+03,240.338E+03,40.066E+03,171.124E+03,170.568E+03,171.199E+03,519.871E+03,512.891E+03,NAN,302.546E+03,303.035E+03,302.891E+03,171.552E+03,170.988E+03,171.594E+03,524.507E+03,514.134E+03,NAN,-115.739E+03,184.575E+03,-300.230E+03,12.117E+03,11.985E+03,11.623E+03,68.836E+03,35.725E+03,NAN,0.92393 ,0.79310 ,0.13228 ,0.99750 ,0.99754 ,0.99770 ,0.99116 ,0.99758 ,NAN,-22.492 ,37.524 ,-82.399 ,4.050 ,4.019 ,3.884 ,7.623 ,3.985 ,NAN,59.995 ,59.995 ,59.995 ,59.997 ,60.001 ,59.994 ,59.995 ,59.995 ,59.995 ,59.995 ,59.994 ,59.996 ,1.776 ,1.804 ,1.902 ,1.961 ,2.169 ,2.034 ,1.452 ,1.489 ,1.556 ,1.538 ,1.448 ,1.565 ,---------,---------,---------,---------,---------,---------,---------,---------,---------,---------,---------,---------,---------,---------,---------,---------,---------,---------,---------,---------,---------,---------,---------,---------,---------,---------,---------,---------,---------,---------,---------,---------,---------,---------,---------,---------,---------,---------,---------,---------,---------,---------,---------,---------,---------,---------,---------,---------,---------,---------,---------,---------,---------,---------,---------,---------,---------,---------,---------,---------,---------,---------,---------,---------,---------,---------,---------,---------,---------,---------,---------,---------,---------,---------,---------,---------,---------,---------,---------,---------,---------,---------,---------,---------,---------,---------,---------,---------,---------,---------,---------,---------,---------,---------,---------,---------,---------,---------,---------,---------,---------,---------,---------,---------,---------,---------,---------,---------,---------,---------,---------,---------,---------,1,1,1,1
24,2026/07/21,09:34:59,488,502.169 ,502.024 ,501.414 ,123.309 ,122.983 ,123.147 ,501.869 ,123.146 ,NAN,0.60283E+03,0.60405E+03,0.60452E+03,1.39203E+03,1.39129E+03,1.39437E+03,0.60380E+03,1.39256E+03,NAN,279.692E+03,240.530E+03,40.104E+03,171.219E+03,170.683E+03,171.318E+03,520.222E+03,513.220E+03,NAN,302.721E+03,303.246E+03,303.114E+03,171.650E+03,171.105E+03,171.712E+03,524.858E+03,514.467E+03,NAN,-115.813E+03,184.671E+03,-300.449E+03,12.158E+03,12.004E+03,11.629E+03,68.858E+03,35.790E+03,NAN,0.92392 ,0.79318 ,0.13231 ,0.99749 ,0.99754 ,0.99770 ,0.99117 ,0.99758 ,NAN,-22.493 ,37.516 ,-82.397 ,4.062 ,4.023 ,3.883 ,7.621 ,3.990 ,NAN,59.989 ,59.990 ,59.988 ,59.990 ,59.986 ,59.991 ,59.989 ,59.989 ,59.989 ,59.989 ,59.989 ,59.989 ,1.773 ,1.829 ,1.919 ,1.988 ,2.191 ,2.057 ,1.448 ,1.512 ,1.604 ,1.562 ,1.450 ,1.605 ,---------,---------,---------,---------,---------,---------,---------,---------,---------,---------,---------,---------,---------,---------,---------,---------,---------,---------,---------,---------,---------,---------,---------,---------,---------,---------,---------,---------,---------,---------,---------,---------,---------,---------,---------,---------,---------,---------,---------,---------,---------,---------,---------,---------,---------,---------,---------,---------,---------,---------,---------,---------,---------,---------,---------,---------,---------,---------,---------,---------,---------,---------,---------,---------,---------,---------,---------,---------,---------,---------,---------,---------,---------,---------,---------,---------,---------,---------,---------,---------,---------,---------,---------,---------,---------,---------,---------,---------,---------,---------,---------,---------,---------,---------,---------,---------,---------,---------,---------,---------,---------,---------,---------,---------,---------,---------,---------,---------,---------,---------,---------,---------,---------,1,1,1,1
26,2026/07/21,09:35:19,545,502.147 ,501.961 ,501.364 ,123.301 ,122.966 ,123.126 ,501.824 ,123.131 ,NAN,0.60294E+03,0.60405E+03,0.60441E+03,1.39202E+03,1.39155E+03,1.39413E+03,0.60380E+03,1.39257E+03,NAN,279.725E+03,240.455E+03,40.062E+03,171.212E+03,170.696E+03,171.262E+03,520.180E+03,513.170E+03,NAN,302.762E+03,303.212E+03,303.028E+03,171.637E+03,171.113E+03,171.653E+03,524.813E+03,514.404E+03,NAN,-115.840E+03,184.713E+03,-300.369E+03,12.068E+03,11.948E+03,11.587E+03,68.873E+03,35.603E+03,NAN,0.92391 ,0.79303 ,0.13220 ,0.99753 ,0.99756 ,0.99772 ,0.99117 ,0.99760 ,NAN,-22.496 ,37.531 ,-82.403 ,4.032 ,4.004 ,3.870 ,7.619 ,3.969 ,NAN,59.993 ,59.994 ,59.995 ,59.994 ,59.994 ,59.992 ,59.994 ,59.994 ,59.993 ,59.994 ,59.994 ,59.994 ,1.777 ,1.812 ,1.934 ,1.957 ,2.190 ,2.007 ,1.451 ,1.429 ,1.565 ,1.566 ,1.404 ,1.526 ,---------,---------,---------,---------,---------,---------,---------,---------,---------,---------,---------,---------,---------,---------,---------,---------,---------,---------,---------,---------,---------,---------,---------,---------,---------,---------,---------,---------,---------,---------,---------,---------,---------,---------,---------,---------,---------,---------,---------,---------,---------,---------,---------,---------,---------,---------,---------,---------,---------,---------,---------,---------,---------,---------,---------,---------,---------,---------,---------,---------,---------,---------,---------,---------,---------,---------,---------,---------,---------,---------,---------,---------,---------,---------,---------,---------,---------,---------,---------,---------,---------,---------,---------,---------,---------,---------,---------,---------,---------,---------,---------,---------,---------,---------,---------,---------,---------,---------,---------,---------,---------,---------,---------,---------,---------,---------,---------,---------,---------,---------,---------,---------,---------,1,1,1,1
88,2026/07/21,09:45:39,802,503.313 ,502.948 ,502.685 ,123.840 ,123.562 ,123.641 ,502.982 ,123.681 ,NAN,0.54130E+03,0.54246E+03,0.54287E+03,1.24982E+03,1.24922E+03,1.25202E+03,0.54221E+03,1.25035E+03,NAN,250.386E+03,218.597E+03,32.520E+03,154.458E+03,154.054E+03,154.514E+03,468.982E+03,463.026E+03,NAN,272.444E+03,272.830E+03,272.895E+03,154.777E+03,154.356E+03,154.801E+03,472.370E+03,463.935E+03,NAN,-107.391E+03,163.254E+03,-270.951E+03,9.932E+03,9.658E+03,9.423E+03,55.863E+03,29.013E+03,NAN,0.91903 ,0.80122 ,0.11917 ,0.99794 ,0.99804 ,0.99815 ,0.99283 ,0.99804 ,NAN,-23.215 ,36.753 ,-83.156 ,3.679 ,3.587 ,3.490 ,6.866 ,3.586 ,NAN,59.990 ,59.991 ,59.990 ,59.990 ,59.991 ,59.990 ,59.990 ,59.991 ,59.990 ,59.990 ,59.990 ,59.990 ,1.717 ,1.768 ,1.873 ,1.916 ,2.106 ,1.984 ,1.612 ,1.627 ,1.806 ,1.765 ,1.562 ,1.772 ,---------,---------,---------,---------,---------,---------,---------,---------,---------,---------,---------,---------,---------,---------,---------,---------,---------,---------,---------,---------,---------,---------,---------,---------,---------,---------,---------,---------,---------,---------,---------,---------,---------,---------,---------,---------,---------,---------,---------,---------,---------,---------,---------,---------,---------,---------,---------,---------,---------,---------,---------,---------,---------,---------,---------,---------,---------,---------,---------,---------,---------,---------,---------,---------,---------,---------,---------,---------,---------,---------,---------,---------,---------,---------,---------,---------,---------,---------,---------,---------,---------,---------,---------,---------,---------,---------,---------,---------,---------,---------,---------,---------,---------,---------,---------,---------,---------,---------,---------,---------,---------,---------,---------,---------,---------,---------,---------,---------,---------,---------,---------,---------,---------,1,1,1,1
89,2026/07/21,09:45:49,803,503.556 ,503.285 ,503.011 ,123.902 ,123.642 ,123.725 ,503.284 ,123.756 ,NAN,0.54134E+03,0.54245E+03,0.54281E+03,1.24976E+03,1.24932E+03,1.25188E+03,0.54220E+03,1.25032E+03,NAN,250.509E+03,218.759E+03,32.522E+03,154.534E+03,154.169E+03,154.607E+03,469.268E+03,463.309E+03,NAN,272.595E+03,273.008E+03,273.040E+03,154.848E+03,154.468E+03,154.889E+03,472.644E+03,464.205E+03,NAN,-107.487E+03,163.333E+03,-271.096E+03,9.854E+03,9.611E+03,9.347E+03,55.846E+03,28.812E+03,NAN,0.91898 ,0.80129 ,0.11911 ,0.99797 ,0.99806 ,0.99818 ,0.99286 ,0.99807 ,NAN,-23.223 ,36.746 ,-83.159 ,3.648 ,3.567 ,3.460 ,6.851 ,3.559 ,NAN,60.001 ,60.003 ,60.001 ,60.001 ,60.004 ,60.003 ,60.003 ,60.003 ,60.003 ,60.002 ,60.002 ,60.003 ,1.719 ,1.746 ,1.881 ,1.898 ,2.083 ,1.901 ,1.532 ,1.569 ,1.635 ,1.622 ,1.534 ,1.638 ,---------,---------,---------,---------,---------,---------,---------,---------,---------,---------,---------,---------,---------,---------,---------,---------,---------,---------,---------,---------,---------,---------,---------,---------,---------,---------,---------,---------,---------,---------,---------,---------,---------,---------,---------,---------,---------,---------,---------,---------,---------,---------,---------,---------,---------,---------,---------,---------,---------,---------,---------,---------,---------,---------,---------,---------,---------,---------,---------,---------,---------,---------,---------,---------,---------,---------,---------,---------,---------,---------,---------,---------,---------,---------,---------,---------,---------,---------,---------,---------,---------,---------,---------,---------,---------,---------,---------,---------,---------,---------,---------,---------,---------,---------,---------,---------,---------,---------,---------,---------,---------,---------,---------,---------,---------,---------,---------,---------,---------,---------,---------,---------,---------,1,1,1,1
96,2026/07/21,09:46:59,807,503.650 ,503.217 ,503.150 ,123.922 ,123.678 ,123.708 ,503.339 ,123.769 ,NAN,0.54130E+03,0.54242E+03,0.54289E+03,1.24985E+03,1.24917E+03,1.25196E+03,0.54220E+03,1.25032E+03,NAN,250.565E+03,218.749E+03,32.472E+03,154.560E+03,154.189E+03,154.590E+03,469.314E+03,463.339E+03,NAN,272.627E+03,272.955E+03,273.155E+03,154.884E+03,154.495E+03,154.877E+03,472.698E+03,464.255E+03,NAN,-107.437E+03,163.257E+03,-271.218E+03,10.008E+03,9.712E+03,9.428E+03,55.820E+03,29.148E+03,NAN,0.91908 ,0.80141 ,0.11888 ,0.99791 ,0.99802 ,0.99815 ,0.99284 ,0.99803 ,NAN,-23.209 ,36.735 ,-83.173 ,3.705 ,3.604 ,3.490 ,6.859 ,3.601 ,NAN,59.984 ,59.985 ,59.985 ,59.984 ,59.985 ,59.986 ,59.985 ,59.985 ,59.986 ,59.985 ,59.985 ,59.986 ,1.711 ,1.777 ,1.868 ,1.935 ,2.115 ,1.988 ,1.607 ,1.642 ,1.703 ,1.692 ,1.619 ,1.713 ,---------,---------,---------,---------,---------,---------,---------,---------,---------,---------,---------,---------,---------,---------,---------,---------,---------,---------,---------,---------,---------,---------,---------,---------,---------,---------,---------,---------,---------,---------,---------,---------,---------,---------,---------,---------,---------,---------,---------,---------,---------,---------,---------,---------,---------,---------,---------,---------,---------,---------,---------,---------,---------,---------,---------,---------,---------,---------,---------,---------,---------,---------,---------,---------,---------,---------,---------,---------,---------,---------,---------,---------,---------,---------,---------,---------,---------,---------,---------,---------,---------,---------,---------,---------,---------,---------,---------,---------,---------,---------,---------,---------,---------,---------,---------,---------,---------,---------,---------,---------,---------,---------,---------,---------,---------,---------,---------,---------,---------,---------,---------,---------,---------,1,1,1,1
119,2026/07/21,09:50:49,812,504.570 ,504.069 ,504.187 ,124.420 ,124.216 ,124.204 ,504.276 ,124.280 ,NAN,0.48151E+03,0.48250E+03,0.48293E+03,1.11165E+03,1.11100E+03,1.11341E+03,0.48231E+03,1.11202E+03,NAN,222.092E+03,196.785E+03,25.843E+03,138.089E+03,137.798E+03,138.097E+03,418.877E+03,413.984E+03,NAN,242.954E+03,243.212E+03,243.486E+03,138.311E+03,138.003E+03,138.290E+03,421.265E+03,414.604E+03,NAN,-98.497E+03,142.926E+03,-242.111E+03,7.823E+03,7.522E+03,7.310E+03,44.429E+03,22.655E+03,NAN,0.91413 ,0.80911 ,0.10614 ,0.99840 ,0.99851 ,0.99860 ,0.99433 ,0.99850 ,NAN,-23.917 ,35.991 ,-83.907 ,3.243 ,3.124 ,3.030 ,6.104 ,3.134 ,NAN,60.003 ,60.002 ,60.003 ,60.002 ,60.004 ,60.004 ,60.002 ,60.003 ,60.003 ,60.003 ,60.003 ,60.003 ,1.661 ,1.729 ,1.818 ,1.798 ,2.003 ,1.888 ,1.542 ,1.578 ,1.739 ,1.695 ,1.510 ,1.706 ,---------,---------,---------,---------,---------,---------,---------,---------,---------,---------,---------,---------,---------,---------,---------,---------,---------,---------,---------,---------,---------,---------,---------,---------,---------,---------,---------,---------,---------,---------,---------,---------,---------,---------,---------,---------,---------,---------,---------,---------,---------,---------,---------,---------,---------,---------,---------,---------,---------,---------,---------,---------,---------,---------,---------,---------,---------,---------,---------,---------,---------,---------,---------,---------,---------,---------,---------,---------,---------,---------,---------,---------,---------,---------,---------,---------,---------,---------,---------,---------,---------,---------,---------,---------,---------,---------,---------,---------,---------,---------,---------,---------,---------,---------,---------,---------,---------,---------,---------,---------,---------,---------,---------,---------,---------,---------,---------,---------,---------,---------,---------,---------,---------,1,1,1,1
122,2026/07/21,09:51:19,811,504.765 ,504.179 ,504.386 ,124.476 ,124.273 ,124.239 ,504.443 ,124.329 ,NAN,0.48156E+03,0.48247E+03,0.48295E+03,1.11179E+03,1.11101E+03,1.11334E+03,0.48232E+03,1.11205E+03,NAN,222.209E+03,196.807E+03,25.798E+03,138.157E+03,137.848E+03,138.114E+03,419.016E+03,414.119E+03,NAN,243.076E+03,243.250E+03,243.591E+03,138.392E+03,138.068E+03,138.320E+03,421.417E+03,414.780E+03,NAN,-98.533E+03,142.960E+03,-242.221E+03,8.062E+03,7.796E+03,7.550E+03,44.427E+03,23.408E+03,NAN,0.91416 ,0.80907 ,0.10591 ,0.99830 ,0.99840 ,0.99851 ,0.99430 ,0.99841 ,NAN,-23.914 ,35.994 ,-83.921 ,3.340 ,3.237 ,3.129 ,6.119 ,3.236 ,NAN,60.012 ,60.009 ,60.011 ,60.015 ,60.011 ,60.011 ,60.011 ,60.011 ,60.010 ,60.013 ,60.011 ,60.010 ,1.660 ,1.757 ,1.834 ,1.827 ,2.083 ,1.935 ,1.677 ,1.731 ,1.782 ,1.769 ,1.684 ,1.795 ,---------,---------,---------,---------,---------,---------,---------,---------,---------,---------,---------,---------,---------,---------,---------,---------,---------,---------,---------,---------,---------,---------,---------,---------,---------,---------,---------,---------,---------,---------,---------,---------,---------,---------,---------,---------,---------,---------,---------,---------,---------,---------,---------,---------,---------,---------,---------,---------,---------,---------,---------,---------,---------,---------,---------,---------,---------,---------,---------,---------,---------,---------,---------,---------,---------,---------,---------,---------,---------,---------,---------,---------,---------,---------,---------,---------,---------,---------,---------,---------,---------,---------,---------,---------,---------,---------,---------,---------,---------,---------,---------,---------,---------,---------,---------,---------,---------,---------,---------,---------,---------,---------,---------,---------,---------,---------,---------,---------,---------,---------,---------,---------,---------,1,1,1,1
124,2026/07/21,09:51:39,811,504.667 ,504.123 ,504.338 ,124.443 ,124.254 ,124.218 ,504.376 ,124.305 ,NAN,0.48148E+03,0.48251E+03,0.48295E+03,1.11162E+03,1.11095E+03,1.11350E+03,0.48231E+03,1.11202E+03,NAN,222.121E+03,196.838E+03,25.831E+03,138.107E+03,137.833E+03,138.121E+03,418.959E+03,414.061E+03,NAN,242.985E+03,243.245E+03,243.569E+03,138.333E+03,138.040E+03,138.317E+03,421.350E+03,414.689E+03,NAN,-98.509E+03,142.909E+03,-242.196E+03,7.891E+03,7.561E+03,7.357E+03,44.399E+03,22.809E+03,NAN,0.91413 ,0.80922 ,0.10605 ,0.99837 ,0.99850 ,0.99858 ,0.99433 ,0.99848 ,NAN,-23.917 ,35.980 ,-83.912 ,3.270 ,3.140 ,3.049 ,6.107 ,3.154 ,NAN,59.998 ,59.998 ,59.997 ,59.998 ,59.996 ,59.997 ,59.998 ,59.997 ,59.998 ,59.998 ,59.997 ,59.999 ,1.679 ,1.740 ,1.842 ,1.825 ,2.039 ,1.906 ,1.631 ,1.692 ,1.765 ,1.740 ,1.633 ,1.769 ,---------,---------,---------,---------,---------,---------,---------,---------,---------,---------,---------,---------,---------,---------,---------,---------,---------,---------,---------,---------,---------,---------,---------,---------,---------,---------,---------,---------,---------,---------,---------,---------,---------,---------,---------,---------,---------,---------,---------,---------,---------,---------,---------,---------,---------,---------,---------,---------,---------,---------,---------,---------,---------,---------,---------,---------,---------,---------,---------,---------,---------,---------,---------,---------,---------,---------,---------,---------,---------,---------,---------,---------,---------,---------,---------,---------,---------,---------,---------,---------,---------,---------,---------,---------,---------,---------,---------,---------,---------,---------,---------,---------,---------,---------,---------,---------,---------,---------,---------,---------,---------,---------,---------,---------,---------,---------,---------,---------,---------,---------,---------,---------,---------,1,1,1,1
151,2026/07/21,09:56:09,806,504.649 ,504.128 ,504.152 ,124.572 ,124.344 ,124.354 ,504.310 ,124.423 ,NAN,0.45185E+03,0.45272E+03,0.45312E+03,1.04303E+03,1.04244E+03,1.04449E+03,0.45256E+03,1.04332E+03,NAN,207.857E+03,185.467E+03,22.806E+03,129.747E+03,129.447E+03,129.723E+03,393.324E+03,388.917E+03,NAN,228.027E+03,228.229E+03,228.439E+03,129.933E+03,129.621E+03,129.887E+03,395.309E+03,389.441E+03,NAN,-93.763E+03,133.006E+03,-227.298E+03,6.944E+03,6.725E+03,6.528E+03,39.243E+03,20.197E+03,NAN,0.91155 ,0.81263 ,0.09984 ,0.99857 ,0.99865 ,0.99874 ,0.99498 ,0.99865 ,NAN,-24.280 ,35.646 ,-84.270 ,3.064 ,2.974 ,2.881 ,5.744 ,2.974 ,NAN,60.007 ,60.010 ,60.008 ,60.007 ,60.010 ,60.008 ,60.008 ,60.009 ,60.009 ,60.009 ,60.008 ,60.008 ,1.655 ,1.771 ,1.858 ,1.747 ,2.064 ,1.916 ,1.617 ,1.651 ,1.737 ,1.725 ,1.603 ,1.714 ,---------,---------,---------,---------,---------,---------,---------,---------,---------,---------,---------,---------,---------,---------,---------,---------,---------,---------,---------,---------,---------,---------,---------,---------,---------,---------,---------,---------,---------,---------,---------,---------,---------,---------,---------,---------,---------,---------,---------,---------,---------,---------,---------,---------,---------,---------,---------,---------,---------,---------,---------,---------,---------,---------,---------,---------,---------,---------,---------,---------,---------,---------,---------,---------,---------,---------,---------,---------,---------,---------,---------,---------,---------,---------,---------,---------,---------,---------,---------,---------,---------,---------,---------,---------,---------,---------,---------,---------,---------,---------,---------,---------,---------,---------,---------,---------,---------,---------,---------,---------,---------,---------,---------,---------,---------,---------,---------,---------,---------,---------,---------,---------,---------,1,1,1,1
153,2026/07/21,09:56:29,806,504.649 ,504.092 ,504.256 ,124.568 ,124.369 ,124.346 ,504.332 ,124.428 ,NAN,0.45183E+03,0.45271E+03,0.45310E+03,1.04297E+03,1.04242E+03,1.04448E+03,0.45255E+03,1.04329E+03,NAN,207.846E+03,185.494E+03,22.760E+03,129.740E+03,129.477E+03,129.717E+03,393.339E+03,388.934E+03,NAN,228.015E+03,228.207E+03,228.478E+03,129.920E+03,129.645E+03,129.877E+03,395.311E+03,389.442E+03,NAN,-93.759E+03,132.930E+03,-227.342E+03,6.844E+03,6.592E+03,6.428E+03,39.170E+03,19.865E+03,NAN,0.91155 ,0.81283 ,0.09961 ,0.99861 ,0.99871 ,0.99877 ,0.99501 ,0.99870 ,NAN,-24.280 ,35.626 ,-84.283 ,3.020 ,2.915 ,2.837 ,5.725 ,2.925 ,NAN,59.996 ,59.997 ,59.995 ,59.998 ,59.994 ,59.993 ,59.996 ,59.996 ,59.996 ,59.995 ,59.997 ,59.996 ,1.673 ,1.763 ,1.853 ,1.763 ,2.010 ,1.900 ,1.526 ,1.592 ,1.708 ,1.658 ,1.517 ,1.693 ,---------,---------,---------,---------,---------,---------,---------,---------,---------,---------,---------,---------,---------,---------,---------,---------,---------,---------,---------,---------,---------,---------,---------,---------,---------,---------,---------,---------,---------,---------,---------,---------,---------,---------,---------,---------,---------,---------,---------,---------,---------,---------,---------,---------,---------,---------,---------,---------,---------,---------,---------,---------,---------,---------,---------,---------,---------,---------,---------,---------,---------,---------,---------,---------,---------,---------,---------,---------,---------,---------,---------,---------,---------,---------,---------,---------,---------,---------,---------,---------,---------,---------,---------,---------,---------,---------,---------,---------,---------,---------,---------,---------,---------,---------,---------,---------,---------,---------,---------,---------,---------,---------,---------,---------,---------,---------,---------,---------,---------,---------,---------,---------,---------,1,1,1,1
171,2026/07/21,09:59:29,801,504.254 ,503.810 ,503.854 ,124.474 ,124.267 ,124.276 ,503.973 ,124.339 ,NAN,0.45190E+03,0.45278E+03,0.45311E+03,1.04297E+03,1.04259E+03,1.04457E+03,0.45260E+03,1.04337E+03,NAN,207.709E+03,185.365E+03,22.826E+03,129.628E+03,129.376E+03,129.641E+03,393.074E+03,388.645E+03,NAN,227.872E+03,228.113E+03,228.303E+03,129.822E+03,129.559E+03,129.814E+03,395.073E+03,389.196E+03,NAN,-93.715E+03,132.949E+03,-227.159E+03,7.098E+03,6.886E+03,6.706E+03,39.234E+03,20.689E+03,NAN,0.91152 ,0.81260 ,0.09998 ,0.99850 ,0.99859 ,0.99866 ,0.99494 ,0.99859 ,NAN,-24.284 ,35.649 ,-84.262 ,3.134 ,3.047 ,2.961 ,5.767 ,3.048 ,NAN,60.009 ,60.012 ,60.010 ,60.010 ,60.008 ,60.010 ,60.011 ,60.010 ,60.009 ,60.012 ,60.007 ,60.010 ,1.700 ,1.760 ,1.914 ,1.819 ,2.105 ,1.914 ,1.868 ,1.939 ,1.955 ,1.937 ,1.897 ,1.986 ,---------,---------,---------,---------,---------,---------,---------,---------,---------,---------,---------,---------,---------,---------,---------,---------,---------,---------,---------,---------,---------,---------,---------,---------,---------,---------,---------,---------,---------,---------,---------,---------,---------,---------,---------,---------,---------,---------,---------,---------,---------,---------,---------,---------,---------,---------,---------,---------,---------,---------,---------,---------,---------,---------,---------,---------,---------,---------,---------,---------,---------,---------,---------,---------,---------,---------,---------,---------,---------,---------,---------,---------,---------,---------,---------,---------,---------,---------,---------,---------,---------,---------,---------,---------,---------,---------,---------,---------,---------,---------,---------,---------,---------,---------,---------,---------,---------,---------,---------,---------,---------,---------,---------,---------,---------,---------,---------,---------,---------,---------,---------,---------,---------,1,1,1,1
179,2026/07/21,10:00:49,802,504.661 ,504.540 ,504.285 ,124.704 ,124.511 ,124.595 ,504.495 ,124.603 ,NAN,0.42186E+03,0.42282E+03,0.42317E+03,0.97377E+03,0.97330E+03,0.97547E+03,0.42262E+03,0.97418E+03,NAN,193.471E+03,174.193E+03,20.084E+03,121.283E+03,121.041E+03,121.404E+03,367.664E+03,363.728E+03,NAN,212.896E+03,213.330E+03,213.399E+03,121.434E+03,121.186E+03,121.539E+03,369.288E+03,364.158E+03,NAN,-88.845E+03,123.152E+03,-212.452E+03,6.050E+03,5.908E+03,5.738E+03,34.307E+03,17.695E+03,NAN,0.90876 ,0.81654 ,0.09411 ,0.99876 ,0.99881 ,0.99889 ,0.99560 ,0.99882 ,NAN,-24.665 ,35.260 ,-84.600 ,2.856 ,2.794 ,2.706 ,5.374 ,2.786 ,NAN,60.007 ,60.010 ,60.009 ,60.005 ,60.007 ,60.006 ,60.008 ,60.008 ,60.008 ,60.008 ,60.008 ,60.007 ,1.694 ,1.760 ,1.879 ,1.800 ,2.021 ,1.882 ,1.701 ,1.742 ,1.828 ,1.807 ,1.688 ,1.814 ,---------,---------,---------,---------,---------,---------,---------,---------,---------,---------,---------,---------,---------,---------,---------,---------,---------,---------,---------,---------,---------,---------,---------,---------,---------,---------,---------,---------,---------,---------,---------,---------,---------,---------,---------,---------,---------,---------,---------,---------,---------,---------,---------,---------,---------,---------,---------,---------,---------,---------,---------,---------,---------,---------,---------,---------,---------,---------,---------,---------,---------,---------,---------,---------,---------,---------,---------,---------,---------,---------,---------,---------,---------,---------,---------,---------,---------,---------,---------,---------,---------,---------,---------,---------,---------,---------,---------,---------,---------,---------,---------,---------,---------,---------,---------,---------,---------,---------,---------,---------,---------,---------,---------,---------,---------,---------,---------,---------,---------,---------,---------,---------,---------,1,1,1,1
182,2026/07/21,10:01:19,803,504.651 ,504.307 ,504.325 ,124.699 ,124.519 ,124.534 ,504.428 ,124.584 ,NAN,0.42188E+03,0.42279E+03,0.42317E+03,0.97383E+03,0.97329E+03,0.97539E+03,0.42261E+03,0.97417E+03,NAN,193.511E+03,174.100E+03,20.019E+03,121.284E+03,121.052E+03,121.336E+03,367.611E+03,363.673E+03,NAN,212.904E+03,213.217E+03,213.413E+03,121.435E+03,121.193E+03,121.469E+03,369.235E+03,364.097E+03,NAN,-88.778E+03,123.088E+03,-212.472E+03,6.047E+03,5.846E+03,5.684E+03,34.309E+03,17.576E+03,NAN,0.90891 ,0.81654 ,0.09380 ,0.99876 ,0.99884 ,0.99890 ,0.99560 ,0.99883 ,NAN,-24.645 ,35.260 ,-84.618 ,2.854 ,2.765 ,2.682 ,5.376 ,2.768 ,NAN,60.013 ,60.009 ,60.013 ,60.008 ,60.014 ,60.015 ,60.011 ,60.012 ,60.011 ,60.011 ,60.012 ,60.010 ,1.690 ,1.798 ,1.883 ,1.767 ,2.034 ,1.895 ,1.696 ,1.750 ,1.852 ,1.811 ,1.679 ,1.836 ,---------,---------,---------,---------,---------,---------,---------,---------,---------,---------,---------,---------,---------,---------,---------,---------,---------,---------,---------,---------,---------,---------,---------,---------,---------,---------,---------,---------,---------,---------,---------,---------,---------,---------,---------,---------,---------,---------,---------,---------,---------,---------,---------,---------,---------,---------,---------,---------,---------,---------,---------,---------,---------,---------,---------,---------,---------,---------,---------,---------,---------,---------,---------,---------,---------,---------,---------,---------,---------,---------,---------,---------,---------,---------,---------,---------,---------,---------,---------,---------,---------,---------,---------,---------,---------,---------,---------,---------,---------,---------,---------,---------,---------,---------,---------,---------,---------,---------,---------,---------,---------,---------,---------,---------,---------,---------,---------,---------,---------,---------,---------,---------,---------,1,1,1,1
192,2026/07/21,10:02:59,813,504.210 ,503.869 ,503.882 ,124.585 ,124.409 ,124.424 ,503.987 ,124.473 ,NAN,0.42182E+03,0.42279E+03,0.42318E+03,0.97375E+03,0.97319E+03,0.97547E+03,0.42260E+03,0.97414E+03,NAN,193.328E+03,173.945E+03,20.047E+03,121.163E+03,120.932E+03,121.239E+03,367.272E+03,363.334E+03,NAN,212.687E+03,213.030E+03,213.234E+03,121.314E+03,121.074E+03,121.372E+03,368.898E+03,363.760E+03,NAN,-88.657E+03,122.983E+03,-212.289E+03,6.057E+03,5.856E+03,5.681E+03,34.326E+03,17.594E+03,NAN,0.90898 ,0.81653 ,0.09401 ,0.99875 ,0.99883 ,0.99890 ,0.99559 ,0.99883 ,NAN,-24.635 ,35.261 ,-84.605 ,2.862 ,2.772 ,2.683 ,5.381 ,2.773 ,NAN,60.010 ,60.011 ,60.010 ,60.015 ,60.006 ,60.007 ,60.011 ,60.011 ,60.011 ,60.011 ,60.011 ,60.013 ,1.661 ,1.758 ,1.869 ,1.751 ,1.995 ,1.888 ,1.675 ,1.721 ,1.938 ,1.870 ,1.621 ,1.888 ,---------,---------,---------,---------,---------,---------,---------,---------,---------,---------,---------,---------,---------,---------,---------,---------,---------,---------,---------,---------,---------,---------,---------,---------,---------,---------,---------,---------,---------,---------,---------,---------,---------,---------,---------,---------,---------,---------,---------,---------,---------,---------,---------,---------,---------,---------,---------,---------,---------,---------,---------,---------,---------,---------,---------,---------,---------,---------,---------,---------,---------,---------,---------,---------,---------,---------,---------,---------,---------,---------,---------,---------,---------,---------,---------,---------,---------,---------,---------,---------,---------,---------,---------,---------,---------,---------,---------,---------,---------,---------,---------,---------,---------,---------,---------,---------,---------,---------,---------,---------,---------,---------,---------,---------,---------,---------,---------,---------,---------,---------,---------,---------,---------,1,1,1,1
208,2026/07/21,10:05:39,830,504.920 ,504.581 ,504.490 ,125.021 ,124.827 ,124.868 ,504.664 ,124.905 ,NAN,0.36206E+03,0.36288E+03,0.36324E+03,0.83560E+03,0.83510E+03,0.83695E+03,0.36273E+03,0.83588E+03,NAN,165.188E+03,150.811E+03,14.928E+03,104.365E+03,104.147E+03,104.414E+03,315.999E+03,312.926E+03,NAN,182.811E+03,183.103E+03,183.250E+03,104.467E+03,104.243E+03,104.508E+03,317.060E+03,313.218E+03,NAN,-78.311E+03,103.840E+03,-182.641E+03,4.630E+03,4.488E+03,4.414E+03,25.528E+03,13.533E+03,NAN,0.90360 ,0.82364 ,0.08146 ,0.99902 ,0.99907 ,0.99911 ,0.99666 ,0.99907 ,NAN,-25.364 ,34.549 ,-85.327 ,2.540 ,2.468 ,2.421 ,4.687 ,2.477 ,NAN,59.986 ,59.989 ,59.990 ,59.990 ,59.991 ,59.983 ,59.988 ,59.989 ,59.987 ,59.989 ,59.989 ,59.989 ,1.689 ,1.781 ,1.883 ,1.800 ,2.014 ,1.910 ,1.805 ,1.895 ,2.055 ,1.978 ,1.782 ,2.023 ,---------,---------,---------,---------,---------,---------,---------,---------,---------,---------,---------,---------,---------,---------,---------,---------,---------,---------,---------,---------,---------,---------,---------,---------,---------,---------,---------,---------,---------,---------,---------,---------,---------,---------,---------,---------,---------,---------,---------,---------,---------,---------,---------,---------,---------,---------,---------,---------,---------,---------,---------,---------,---------,---------,---------,---------,---------,---------,---------,---------,---------,---------,---------,---------,---------,---------,---------,---------,---------,---------,---------,---------,---------,---------,---------,---------,---------,---------,---------,---------,---------,---------,---------,---------,---------,---------,---------,---------,---------,---------,---------,---------,---------,---------,---------,---------,---------,---------,---------,---------,---------,---------,---------,---------,---------,---------,---------,---------,---------,---------,---------,---------,---------,1,1,1,1
209,2026/07/21,10:05:49,831,505.013 ,504.681 ,504.591 ,125.038 ,124.850 ,124.892 ,504.762 ,124.927 ,NAN,0.36205E+03,0.36281E+03,0.36338E+03,0.83585E+03,0.83485E+03,0.83706E+03,0.36274E+03,0.83592E+03,NAN,165.240E+03,150.839E+03,14.917E+03,104.413E+03,104.138E+03,104.455E+03,316.079E+03,313.005E+03,NAN,182.838E+03,183.101E+03,183.357E+03,104.513E+03,104.230E+03,104.543E+03,317.136E+03,313.286E+03,NAN,-78.264E+03,103.796E+03,-182.750E+03,4.563E+03,4.398E+03,4.287E+03,25.532E+03,13.247E+03,NAN,0.90375 ,0.82380 ,0.08136 ,0.99905 ,0.99911 ,0.99916 ,0.99667 ,0.99911 ,NAN,-25.344 ,34.533 ,-85.333 ,2.502 ,2.418 ,2.350 ,4.679 ,2.424 ,NAN,59.989 ,59.989 ,59.989 ,59.990 ,59.990 ,59.990 ,59.989 ,59.988 ,59.990 ,59.988 ,59.990 ,59.989 ,1.704 ,1.742 ,1.862 ,1.817 ,2.022 ,1.859 ,1.856 ,1.925 ,2.083 ,2.019 ,1.816 ,2.039 ,---------,---------,---------,---------,---------,---------,---------,---------,---------,---------,---------,---------,---------,---------,---------,---------,---------,---------,---------,---------,---------,---------,---------,---------,---------,---------,---------,---------,---------,---------,---------,---------,---------,---------,---------,---------,---------,---------,---------,---------,---------,---------,---------,---------,---------,---------,---------,---------,---------,---------,---------,---------,---------,---------,---------,---------,---------,---------,---------,---------,---------,---------,---------,---------,---------,---------,---------,---------,---------,---------,---------,---------,---------,---------,---------,---------,---------,---------,---------,---------,---------,---------,---------,---------,---------,---------,---------,---------,---------,---------,---------,---------,---------,---------,---------,---------,---------,---------,---------,---------,---------,---------,---------,---------,---------,---------,---------,---------,---------,---------,---------,---------,---------,1,1,1,1
230,2026/07/21,10:09:19,828,504.760 ,504.404 ,504.477 ,124.978 ,124.824 ,124.827 ,504.547 ,124.876 ,NAN,0.36208E+03,0.36277E+03,0.36334E+03,0.83587E+03,0.83489E+03,0.83693E+03,0.36273E+03,0.83590E+03,NAN,165.181E+03,150.747E+03,14.876E+03,104.361E+03,104.117E+03,104.379E+03,315.928E+03,312.857E+03,NAN,182.765E+03,182.983E+03,183.295E+03,104.466E+03,104.214E+03,104.471E+03,316.990E+03,313.152E+03,NAN,-78.220E+03,103.721E+03,-182.690E+03,4.684E+03,4.507E+03,4.377E+03,25.501E+03,13.568E+03,NAN,0.90379 ,0.82383 ,0.08116 ,0.99899 ,0.99906 ,0.99912 ,0.99665 ,0.99906 ,NAN,-25.340 ,34.530 ,-85.345 ,2.570 ,2.479 ,2.401 ,4.692 ,2.484 ,NAN,60.002 ,60.001 ,60.003 ,60.003 ,60.000 ,60.002 ,60.002 ,60.002 ,60.002 ,60.002 ,60.002 ,60.001 ,1.711 ,1.774 ,1.891 ,1.823 ,2.027 ,1.893 ,1.952 ,2.066 ,2.195 ,2.116 ,1.961 ,2.180 ,---------,---------,---------,---------,---------,---------,---------,---------,---------,---------,---------,---------,---------,---------,---------,---------,---------,---------,---------,---------,---------,---------,---------,---------,---------,---------,---------,---------,---------,---------,---------,---------,---------,---------,---------,---------,---------,---------,---------,---------,---------,---------,---------,---------,---------,---------,---------,---------,---------,---------,---------,---------,---------,---------,---------,---------,---------,---------,---------,---------,---------,---------,---------,---------,---------,---------,---------,---------,---------,---------,---------,---------,---------,---------,---------,---------,---------,---------,---------,---------,---------,---------,---------,---------,---------,---------,---------,---------,---------,---------,---------,---------,---------,---------,---------,---------,---------,---------,---------,---------,---------,---------,---------,---------,---------,---------,---------,---------,---------,---------,---------,---------,---------,1,1,1,1
243,2026/07/21,10:11:29,826,504.996 ,504.691 ,504.842 ,125.272 ,125.165 ,125.149 ,504.843 ,125.195 ,NAN,0.30216E+03,0.30289E+03,0.30349E+03,0.69760E+03,0.69650E+03,0.69873E+03,0.30285E+03,0.69761E+03,NAN,137.118E+03,127.045E+03,10.614E+03,87.323E+03,87.118E+03,87.389E+03,264.163E+03,261.829E+03,NAN,152.588E+03,152.864E+03,153.217E+03,87.390E+03,87.178E+03,87.446E+03,264.812E+03,262.013E+03,NAN,-66.946E+03,85.012E+03,-152.849E+03,3.399E+03,3.238E+03,3.155E+03,18.066E+03,9.792E+03,NAN,0.89862 ,0.83110 ,0.06927 ,0.99924 ,0.99931 ,0.99935 ,0.99755 ,0.99930 ,NAN,-26.023 ,33.788 ,-86.028 ,2.229 ,2.129 ,2.068 ,4.013 ,2.143 ,NAN,59.987 ,59.989 ,59.988 ,59.991 ,59.985 ,59.990 ,59.989 ,59.990 ,59.988 ,59.988 ,59.988 ,59.987 ,1.742 ,1.797 ,1.912 ,1.902 ,2.109 ,1.996 ,1.969 ,2.107 ,2.273 ,2.179 ,1.958 ,2.255 ,---------,---------,---------,---------,---------,---------,---------,---------,---------,---------,---------,---------,---------,---------,---------,---------,---------,---------,---------,---------,---------,---------,---------,---------,---------,---------,---------,---------,---------,---------,---------,---------,---------,---------,---------,---------,---------,---------,---------,---------,---------,---------,---------,---------,---------,---------,---------,---------,---------,---------,---------,---------,---------,---------,---------,---------,---------,---------,---------,---------,---------,---------,---------,---------,---------,---------,---------,---------,---------,---------,---------,---------,---------,---------,---------,---------,---------,---------,---------,---------,---------,---------,---------,---------,---------,---------,---------,---------,---------,---------,---------,---------,---------,---------,---------,---------,---------,---------,---------,---------,---------,---------,---------,---------,---------,---------,---------,---------,---------,---------,---------,---------,---------,1,1,1,1
248,2026/07/21,10:12:19,826,504.849 ,504.373 ,504.755 ,125.234 ,125.144 ,125.071 ,504.659 ,125.150 ,NAN,0.30222E+03,0.30285E+03,0.30349E+03,0.69770E+03,0.69654E+03,0.69862E+03,0.30285E+03,0.69762E+03,NAN,137.122E+03,126.949E+03,10.542E+03,87.310E+03,87.108E+03,87.321E+03,264.071E+03,261.739E+03,NAN,152.574E+03,152.748E+03,153.187E+03,87.376E+03,87.168E+03,87.377E+03,264.720E+03,261.922E+03,NAN,-66.905E+03,84.946E+03,-152.824E+03,3.403E+03,3.234E+03,3.138E+03,18.041E+03,9.775E+03,NAN,0.89873 ,0.83110 ,0.06882 ,0.99924 ,0.99931 ,0.99935 ,0.99755 ,0.99930 ,NAN,-26.009 ,33.788 ,-86.054 ,2.232 ,2.126 ,2.058 ,4.013 ,2.140 ,NAN,60.004 ,60.004 ,60.005 ,60.004 ,60.004 ,60.004 ,60.005 ,60.005 ,60.004 ,60.003 ,60.004 ,60.003 ,1.767 ,1.774 ,1.918 ,1.939 ,2.135 ,1.946 ,1.971 ,2.120 ,2.283 ,2.168 ,1.966 ,2.273 ,---------,---------,---------,---------,---------,---------,---------,---------,---------,---------,---------,---------,---------,---------,---------,---------,---------,---------,---------,---------,---------,---------,---------,---------,---------,---------,---------,---------,---------,---------,---------,---------,---------,---------,---------,---------,---------,---------,---------,---------,---------,---------,---------,---------,---------,---------,---------,---------,---------,---------,---------,---------,---------,---------,---------,---------,---------,---------,---------,---------,---------,---------,---------,---------,---------,---------,---------,---------,---------,---------,---------,---------,---------,---------,---------,---------,---------,---------,---------,---------,---------,---------,---------,---------,---------,---------,---------,---------,---------,---------,---------,---------,---------,---------,---------,---------,---------,---------,---------,---------,---------,---------,---------,---------,---------,---------,---------,---------,---------,---------,---------,---------,---------,1,1,1,1
265,2026/07/21,10:15:09,822,504.734 ,504.232 ,504.592 ,125.210 ,125.107 ,125.040 ,504.519 ,125.119 ,NAN,0.30227E+03,0.30282E+03,0.30345E+03,0.69775E+03,0.69660E+03,0.69848E+03,0.30285E+03,0.69761E+03,NAN,137.115E+03,126.881E+03,10.514E+03,87.298E+03,87.088E+03,87.280E+03,263.995E+03,261.666E+03,NAN,152.565E+03,152.689E+03,153.120E+03,87.365E+03,87.149E+03,87.338E+03,264.642E+03,261.853E+03,NAN,-66.899E+03,84.943E+03,-152.759E+03,3.425E+03,3.279E+03,3.175E+03,18.044E+03,9.879E+03,NAN,0.89873 ,0.83097 ,0.06867 ,0.99923 ,0.99929 ,0.99934 ,0.99756 ,0.99929 ,NAN,-26.008 ,33.801 ,-86.063 ,2.247 ,2.156 ,2.083 ,4.007 ,2.163 ,NAN,59.994 ,59.995 ,59.994 ,59.994 ,59.997 ,59.995 ,59.995 ,59.995 ,59.995 ,59.993 ,59.995 ,59.995 ,1.737 ,1.752 ,1.907 ,1.897 ,2.110 ,1.952 ,1.904 ,2.104 ,2.355 ,2.190 ,1.891 ,2.329 ,---------,---------,---------,---------,---------,---------,---------,---------,---------,---------,---------,---------,---------,---------,---------,---------,---------,---------,---------,---------,---------,---------,---------,---------,---------,---------,---------,---------,---------,---------,---------,---------,---------,---------,---------,---------,---------,---------,---------,---------,---------,---------,---------,---------,---------,---------,---------,---------,---------,---------,---------,---------,---------,---------,---------,---------,---------,---------,---------,---------,---------,---------,---------,---------,---------,---------,---------,---------,---------,---------,---------,---------,---------,---------,---------,---------,---------,---------,---------,---------,---------,---------,---------,---------,---------,---------,---------,---------,---------,---------,---------,---------,---------,---------,---------,---------,---------,---------,---------,---------,---------,---------,---------,---------,---------,---------,---------,---------,---------,---------,---------,---------,---------,1,1,1,1
290,2026/07/21,10:19:19,825,505.268 ,504.863 ,504.757 ,125.571 ,125.386 ,125.433 ,504.963 ,125.463 ,NAN,0.24089E+03,0.24148E+03,0.24229E+03,0.55633E+03,0.55477E+03,0.55712E+03,0.24155E+03,0.55607E+03,NAN,108.757E+03,102.134E+03,7.025E+03,69.816E+03,69.521E+03,69.843E+03,210.891E+03,209.180E+03,NAN,121.712E+03,121.916E+03,122.295E+03,69.859E+03,69.560E+03,69.881E+03,211.266E+03,209.300E+03,NAN,-54.642E+03,66.574E+03,-122.093E+03,2.476E+03,2.321E+03,2.303E+03,11.932E+03,7.100E+03,NAN,0.89356 ,0.83774 ,0.05744 ,0.99937 ,0.99944 ,0.99946 ,0.99823 ,0.99942 ,NAN,-26.676 ,33.098 ,-86.707 ,2.031 ,1.912 ,1.889 ,3.414 ,1.945 ,NAN,60.016 ,60.016 ,60.016 ,60.016 ,60.017 ,60.016 ,60.016 ,60.016 ,60.016 ,60.017 ,60.015 ,60.016 ,1.783 ,1.774 ,1.892 ,1.978 ,2.099 ,2.001 ,2.103 ,2.365 ,2.640 ,2.467 ,2.094 ,2.631 ,---------,---------,---------,---------,---------,---------,---------,---------,---------,---------,---------,---------,---------,---------,---------,---------,---------,---------,---------,---------,---------,---------,---------,---------,---------,---------,---------,---------,---------,---------,---------,---------,---------,---------,---------,---------,---------,---------,---------,---------,---------,---------,---------,---------,---------,---------,---------,---------,---------,---------,---------,---------,---------,---------,---------,---------,---------,---------,---------,---------,---------,---------,---------,---------,---------,---------,---------,---------,---------,---------,---------,---------,---------,---------,---------,---------,---------,---------,---------,---------,---------,---------,---------,---------,---------,---------,---------,---------,---------,---------,---------,---------,---------,---------,---------,---------,---------,---------,---------,---------,---------,---------,---------,---------,---------,---------,---------,---------,---------,---------,---------,---------,---------,1,1,1,1
291,2026/07/21,10:19:29,825,505.172 ,504.825 ,504.751 ,125.553 ,125.389 ,125.425 ,504.916 ,125.456 ,NAN,0.24099E+03,0.24151E+03,0.24215E+03,0.55626E+03,0.55506E+03,0.55688E+03,0.24155E+03,0.55607E+03,NAN,108.764E+03,102.099E+03,7.015E+03,69.793E+03,69.554E+03,69.805E+03,210.863E+03,209.153E+03,NAN,121.740E+03,121.918E+03,122.226E+03,69.840E+03,69.598E+03,69.847E+03,211.243E+03,209.285E+03,NAN,-54.689E+03,66.631E+03,-122.024E+03,2.556E+03,2.476E+03,2.412E+03,11.942E+03,7.445E+03,NAN,0.89342 ,0.83744 ,0.05740 ,0.99933 ,0.99937 ,0.99940 ,0.99820 ,0.99937 ,NAN,-26.694 ,33.129 ,-86.710 ,2.098 ,2.039 ,1.979 ,3.436 ,2.039 ,NAN,60.018 ,60.017 ,60.017 ,60.017 ,60.017 ,60.017 ,60.017 ,60.018 ,60.018 ,60.018 ,60.017 ,60.019 ,1.777 ,1.789 ,1.892 ,1.978 ,2.112 ,2.021 ,2.226 ,2.483 ,2.721 ,2.563 ,2.250 ,2.743 ,---------,---------,---------,---------,---------,---------,---------,---------,---------,---------,---------,---------,---------,---------,---------,---------,---------,---------,---------,---------,---------,---------,---------,---------,---------,---------,---------,---------,---------,---------,---------,---------,---------,---------,---------,---------,---------,---------,---------,---------,---------,---------,---------,---------,---------,---------,---------,---------,---------,---------,---------,---------,---------,---------,---------,---------,---------,---------,---------,---------,---------,---------,---------,---------,---------,---------,---------,---------,---------,---------,---------,---------,---------,---------,---------,---------,---------,---------,---------,---------,---------,---------,---------,---------,---------,---------,---------,---------,---------,---------,---------,---------,---------,---------,---------,---------,---------,---------,---------,---------,---------,---------,---------,---------,---------,---------,---------,---------,---------,---------,---------,---------,---------,1,1,1,1
292,2026/07/21,10:19:39,827,505.252 ,504.946 ,504.916 ,125.571 ,125.429 ,125.454 ,505.038 ,125.485 ,NAN,0.24099E+03,0.24159E+03,0.24209E+03,0.55610E+03,0.55525E+03,0.55691E+03,0.24155E+03,0.55609E+03,NAN,108.769E+03,102.150E+03,7.049E+03,69.784E+03,69.602E+03,69.824E+03,210.919E+03,209.210E+03,NAN,121.761E+03,121.988E+03,122.233E+03,69.830E+03,69.645E+03,69.866E+03,211.300E+03,209.341E+03,NAN,-54.727E+03,66.682E+03,-122.029E+03,2.539E+03,2.459E+03,2.416E+03,11.955E+03,7.414E+03,NAN,0.89330 ,0.83738 ,0.05767 ,0.99934 ,0.99938 ,0.99940 ,0.99820 ,0.99937 ,NAN,-26.709 ,33.136 ,-86.694 ,2.084 ,2.023 ,1.981 ,3.438 ,2.030 ,NAN,60.016 ,60.017 ,60.017 ,60.016 ,60.016 ,60.017 ,60.017 ,60.017 ,60.017 ,60.017 ,60.016 ,60.017 ,1.767 ,1.760 ,1.905 ,1.975 ,2.124 ,1.977 ,2.360 ,2.355 ,2.614 ,2.607 ,2.278 ,2.547 ,---------,---------,---------,---------,---------,---------,---------,---------,---------,---------,---------,---------,---------,---------,---------,---------,---------,---------,---------,---------,---------,---------,---------,---------,---------,---------,---------,---------,---------,---------,---------,---------,---------,---------,---------,---------,---------,---------,---------,---------,---------,---------,---------,---------,---------,---------,---------,---------,---------,---------,---------,---------,---------,---------,---------,---------,---------,---------,---------,---------,---------,---------,---------,---------,---------,---------,---------,---------,---------,---------,---------,---------,---------,---------,---------,---------,---------,---------,---------,---------,---------,---------,---------,---------,---------,---------,---------,---------,---------,---------,---------,---------,---------,---------,---------,---------,---------,---------,---------,---------,---------,---------,---------,---------,---------,---------,---------,---------,---------,---------,---------,---------,---------,1,1,1,1
326,2026/07/21,10:25:20,136,505.044 ,504.812 ,504.839 ,125.630 ,125.529 ,125.541 ,504.898 ,125.567 ,NAN,209.361 ,209.974 ,210.561 ,0.48326E+03,0.48219E+03,0.48408E+03,209.965 ,0.48318E+03,NAN,94.181E+03,89.135E+03,5.535E+03,60.667E+03,60.490E+03,60.731E+03,183.316E+03,181.887E+03,NAN,105.737E+03,105.997E+03,106.299E+03,60.712E+03,60.529E+03,60.773E+03,183.616E+03,182.013E+03,NAN,-48.064E+03,57.362E+03,-106.155E+03,2.330E+03,2.189E+03,2.248E+03,9.298E+03,6.767E+03,NAN,0.89071 ,0.84092 ,0.05207 ,0.99926 ,0.99935 ,0.99932 ,0.99836 ,0.99931 ,NAN,-27.037 ,32.763 ,-87.015 ,2.199 ,2.073 ,2.120 ,3.280 ,2.131 ,NAN,59.982 ,59.984 ,59.985 ,59.982 ,59.981 ,59.980 ,59.984 ,59.985 ,59.983 ,59.984 ,59.986 ,59.982 ,1.732 ,1.712 ,1.842 ,1.931 ,2.062 ,1.920 ,2.855 ,3.013 ,3.329 ,3.225 ,2.828 ,3.327 ,---------,---------,---------,---------,---------,---------,---------,---------,---------,---------,---------,---------,---------,---------,---------,---------,---------,---------,---------,---------,---------,---------,---------,---------,---------,---------,---------,---------,---------,---------,---------,---------,---------,---------,---------,---------,---------,---------,---------,---------,---------,---------,---------,---------,---------,---------,---------,---------,---------,---------,---------,---------,---------,---------,---------,---------,---------,---------,---------,---------,---------,---------,---------,---------,---------,---------,---------,---------,---------,---------,---------,---------,---------,---------,---------,---------,---------,---------,---------,---------,---------,---------,---------,---------,---------,---------,---------,---------,---------,---------,---------,---------,---------,---------,---------,---------,---------,---------,---------,---------,---------,---------,---------,---------,---------,---------,---------,---------,---------,---------,---------,---------,---------,1,1,1,1
329,2026/07/21,10:25:50,135,505.206 ,504.931 ,504.954 ,125.671 ,125.559 ,125.570 ,505.030 ,125.600 ,NAN,209.419 ,209.957 ,210.534 ,0.48331E+03,0.48227E+03,0.48397E+03,209.970 ,0.48318E+03,NAN,94.244E+03,89.135E+03,5.515E+03,60.698E+03,60.516E+03,60.735E+03,183.379E+03,181.949E+03,NAN,105.800E+03,106.014E+03,106.310E+03,60.739E+03,60.553E+03,60.772E+03,183.669E+03,182.063E+03,NAN,-48.079E+03,57.392E+03,-106.167E+03,2.208E+03,2.108E+03,2.130E+03,9.313E+03,6.446E+03,NAN,0.89078 ,0.84079 ,0.05187 ,0.99934 ,0.99939 ,0.99939 ,0.99842 ,0.99937 ,NAN,-27.029 ,32.777 ,-87.027 ,2.083 ,1.995 ,2.008 ,3.217 ,2.029 ,NAN,59.984 ,59.983 ,59.982 ,59.982 ,59.987 ,59.980 ,59.983 ,59.983 ,59.983 ,59.982 ,59.984 ,59.983 ,1.743 ,1.771 ,1.881 ,1.936 ,2.082 ,1.976 ,2.755 ,2.745 ,3.070 ,3.066 ,2.657 ,2.991 ,---------,---------,---------,---------,---------,---------,---------,---------,---------,---------,---------,---------,---------,---------,---------,---------,---------,---------,---------,---------,---------,---------,---------,---------,---------,---------,---------,---------,---------,---------,---------,---------,---------,---------,---------,---------,---------,---------,---------,---------,---------,---------,---------,---------,---------,---------,---------,---------,---------,---------,---------,---------,---------,---------,---------,---------,---------,---------,---------,---------,---------,---------,---------,---------,---------,---------,---------,---------,---------,---------,---------,---------,---------,---------,---------,---------,---------,---------,---------,---------,---------,---------,---------,---------,---------,---------,---------,---------,---------,---------,---------,---------,---------,---------,---------,---------,---------,---------,---------,---------,---------,---------,---------,---------,---------,---------,---------,---------,---------,---------,---------,---------,---------,1,1,1,1
330,2026/07/21,10:26:00,133,505.140 ,504.879 ,504.935 ,125.654 ,125.553 ,125.556 ,504.985 ,125.588 ,NAN,209.478 ,210.076 ,210.386 ,0.48308E+03,0.48266E+03,0.48388E+03,209.980 ,0.48321E+03,NAN,94.210E+03,89.144E+03,5.518E+03,60.656E+03,60.558E+03,60.710E+03,183.354E+03,181.925E+03,NAN,105.816E+03,106.063E+03,106.231E+03,60.701E+03,60.600E+03,60.754E+03,183.661E+03,182.055E+03,NAN,-48.182E+03,57.468E+03,-106.088E+03,2.338E+03,2.244E+03,2.304E+03,9.286E+03,6.886E+03,NAN,0.89032 ,0.84049 ,0.05195 ,0.99926 ,0.99931 ,0.99928 ,0.99833 ,0.99928 ,NAN,-27.087 ,32.808 ,-87.022 ,2.208 ,2.122 ,2.173 ,3.312 ,2.168 ,NAN,59.981 ,59.982 ,59.984 ,59.986 ,59.980 ,59.982 ,59.982 ,59.983 ,59.982 ,59.980 ,59.984 ,59.985 ,1.743 ,1.752 ,1.863 ,1.971 ,2.059 ,1.960 ,3.042 ,3.174 ,3.300 ,3.287 ,3.077 ,3.357 ,---------,---------,---------,---------,---------,---------,---------,---------,---------,---------,---------,---------,---------,---------,---------,---------,---------,---------,---------,---------,---------,---------,---------,---------,---------,---------,---------,---------,---------,---------,---------,---------,---------,---------,---------,---------,---------,---------,---------,---------,---------,---------,---------,---------,---------,---------,---------,---------,---------,---------,---------,---------,---------,---------,---------,---------,---------,---------,---------,---------,---------,---------,---------,---------,---------,---------,---------,---------,---------,---------,---------,---------,---------,---------,---------,---------,---------,---------,---------,---------,---------,---------,---------,---------,---------,---------,---------,---------,---------,---------,---------,---------,---------,---------,---------,---------,---------,---------,---------,---------,---------,---------,---------,---------,---------,---------,---------,---------,---------,---------,---------,---------,---------,1,1,1,1
336,2026/07/21,10:26:59,931,505.181 ,505.025 ,505.000 ,125.756 ,125.669 ,125.694 ,505.069 ,125.706 ,NAN,180.854 ,181.412 ,182.165 ,0.41764E+03,0.41618E+03,0.41834E+03,181.477 ,0.41739E+03,NAN,81.197E+03,77.324E+03,4.350E+03,52.480E+03,52.268E+03,52.547E+03,158.521E+03,157.295E+03,NAN,91.364E+03,91.617E+03,91.993E+03,52.521E+03,52.301E+03,52.583E+03,158.757E+03,157.405E+03,NAN,-41.887E+03,49.140E+03,-91.890E+03,2.060E+03,1.838E+03,1.969E+03,7.253E+03,5.867E+03,NAN,0.88872 ,0.84399 ,0.04729 ,0.99923 ,0.99938 ,0.99930 ,0.99851 ,0.99930 ,NAN,-27.288 ,32.436 ,-87.289 ,2.248 ,2.014 ,2.146 ,3.123 ,2.138 ,NAN,59.985 ,59.986 ,59.985 ,59.989 ,59.982 ,59.982 ,59.986 ,59.986 ,59.986 ,59.985 ,59.984 ,59.983 ,1.696 ,1.734 ,1.845 ,1.864 ,2.048 ,1.925 ,3.249 ,3.556 ,3.792 ,3.646 ,3.300 ,3.850 ,---------,---------,---------,---------,---------,---------,---------,---------,---------,---------,---------,---------,---------,---------,---------,---------,---------,---------,---------,---------,---------,---------,---------,---------,---------,---------,---------,---------,---------,---------,---------,---------,---------,---------,---------,---------,---------,---------,---------,---------,---------,---------,---------,---------,---------,---------,---------,---------,---------,---------,---------,---------,---------,---------,---------,---------,---------,---------,---------,---------,---------,---------,---------,---------,---------,---------,---------,---------,---------,---------,---------,---------,---------,---------,---------,---------,---------,---------,---------,---------,---------,---------,---------,---------,---------,---------,---------,---------,---------,---------,---------,---------,---------,---------,---------,---------,---------,---------,---------,---------,---------,---------,---------,---------,---------,---------,---------,---------,---------,---------,---------,---------,---------,1,1,1,1
353,2026/07/21,10:29:49,928,504.578 ,504.611 ,504.551 ,125.608 ,125.561 ,125.594 ,504.580 ,125.588 ,NAN,180.904 ,181.454 ,182.085 ,0.41754E+03,0.41640E+03,0.41827E+03,181.481 ,0.41741E+03,NAN,81.113E+03,77.245E+03,4.395E+03,52.402E+03,52.246E+03,52.490E+03,158.359E+03,157.138E+03,NAN,91.280E+03,91.564E+03,91.871E+03,52.447E+03,52.284E+03,52.532E+03,158.607E+03,157.263E+03,NAN,-41.865E+03,49.164E+03,-91.766E+03,2.172E+03,1.983E+03,2.102E+03,7.299E+03,6.257E+03,NAN,0.88862 ,0.84362 ,0.04784 ,0.99914 ,0.99928 ,0.99920 ,0.99844 ,0.99921 ,NAN,-27.299 ,32.475 ,-87.258 ,2.373 ,2.174 ,2.293 ,3.204 ,2.282 ,NAN,59.995 ,59.993 ,59.994 ,59.999 ,59.994 ,59.992 ,59.994 ,59.993 ,59.994 ,59.991 ,59.991 ,59.993 ,1.677 ,1.702 ,1.791 ,1.846 ,1.936 ,1.867 ,3.501 ,3.723 ,4.024 ,3.911 ,3.492 ,4.058 ,---------,---------,---------,---------,---------,---------,---------,---------,---------,---------,---------,---------,---------,---------,---------,---------,---------,---------,---------,---------,---------,---------,---------,---------,---------,---------,---------,---------,---------,---------,---------,---------,---------,---------,---------,---------,---------,---------,---------,---------,---------,---------,---------,---------,---------,---------,---------,---------,---------,---------,---------,---------,---------,---------,---------,---------,---------,---------,---------,---------,---------,---------,---------,---------,---------,---------,---------,---------,---------,---------,---------,---------,---------,---------,---------,---------,---------,---------,---------,---------,---------,---------,---------,---------,---------,---------,---------,---------,---------,---------,---------,---------,---------,---------,---------,---------,---------,---------,---------,---------,---------,---------,---------,---------,---------,---------,---------,---------,---------,---------,---------,---------,---------,1,1,1,1
354,2026/07/21,10:29:59,927,504.712 ,504.607 ,504.611 ,125.644 ,125.570 ,125.591 ,504.643 ,125.601 ,NAN,180.805 ,181.425 ,182.191 ,0.41762E+03,0.41611E+03,0.41844E+03,181.473 ,0.41739E+03,NAN,81.104E+03,77.268E+03,4.387E+03,52.426E+03,52.215E+03,52.510E+03,158.372E+03,157.151E+03,NAN,91.254E+03,91.548E+03,91.935E+03,52.471E+03,52.251E+03,52.552E+03,158.620E+03,157.274E+03,NAN,-41.826E+03,49.099E+03,-91.831E+03,2.181E+03,1.933E+03,2.093E+03,7.273E+03,6.207E+03,NAN,0.88877 ,0.84401 ,0.04772 ,0.99914 ,0.99932 ,0.99921 ,0.99844 ,0.99922 ,NAN,-27.281 ,32.434 ,-87.265 ,2.382 ,2.121 ,2.282 ,3.202 ,2.264 ,NAN,60.000 ,60.000 ,59.998 ,60.002 ,59.995 ,59.994 ,60.000 ,60.000 ,59.998 ,60.002 ,59.997 ,59.997 ,1.709 ,1.705 ,1.784 ,1.870 ,1.938 ,1.872 ,3.497 ,3.853 ,4.152 ,3.963 ,3.542 ,4.226 ,---------,---------,---------,---------,---------,---------,---------,---------,---------,---------,---------,---------,---------,---------,---------,---------,---------,---------,---------,---------,---------,---------,---------,---------,---------,---------,---------,---------,---------,---------,---------,---------,---------,---------,---------,---------,---------,---------,---------,---------,---------,---------,---------,---------,---------,---------,---------,---------,---------,---------,---------,---------,---------,---------,---------,---------,---------,---------,---------,---------,---------,---------,---------,---------,---------,---------,---------,---------,---------,---------,---------,---------,---------,---------,---------,---------,---------,---------,---------,---------,---------,---------,---------,---------,---------,---------,---------,---------,---------,---------,---------,---------,---------,---------,---------,---------,---------,---------,---------,---------,---------,---------,---------,---------,---------,---------,---------,---------,---------,---------,---------,---------,---------,1,1,1,1
366,2026/07/21,10:31:59,925,504.400 ,504.180 ,504.271 ,125.656 ,125.596 ,125.591 ,504.284 ,125.614 ,NAN,150.756 ,151.268 ,152.111 ,0.34824E+03,0.34656E+03,0.34884E+03,151.378 ,0.34788E+03,NAN,67.413E+03,64.563E+03,3.279E+03,43.697E+03,43.482E+03,43.755E+03,131.976E+03,130.933E+03,NAN,76.041E+03,76.266E+03,76.705E+03,43.759E+03,43.527E+03,43.812E+03,132.220E+03,131.097E+03,NAN,-35.182E+03,40.597E+03,-76.635E+03,2.319E+03,1.984E+03,2.234E+03,5.415E+03,6.538E+03,NAN,0.88653 ,0.84655 ,0.04275 ,0.99859 ,0.99896 ,0.99870 ,0.99815 ,0.99875 ,NAN,-27.560 ,32.161 ,-87.550 ,3.038 ,2.613 ,2.923 ,3.483 ,2.864 ,NAN,59.985 ,59.986 ,59.988 ,59.982 ,59.989 ,59.989 ,59.988 ,59.986 ,59.987 ,59.983 ,59.984 ,59.987 ,1.618 ,1.658 ,1.753 ,1.801 ,1.947 ,1.840 ,5.087 ,5.330 ,5.702 ,5.583 ,5.088 ,5.736 ,---------,---------,---------,---------,---------,---------,---------,---------,---------,---------,---------,---------,---------,---------,---------,---------,---------,---------,---------,---------,---------,---------,---------,---------,---------,---------,---------,---------,---------,---------,---------,---------,---------,---------,---------,---------,---------,---------,---------,---------,---------,---------,---------,---------,---------,---------,---------,---------,---------,---------,---------,---------,---------,---------,---------,---------,---------,---------,---------,---------,---------,---------,---------,---------,---------,---------,---------,---------,---------,---------,---------,---------,---------,---------,---------,---------,---------,---------,---------,---------,---------,---------,---------,---------,---------,---------,---------,---------,---------,---------,---------,---------,---------,---------,---------,---------,---------,---------,---------,---------,---------,---------,---------,---------,---------,---------,---------,---------,---------,---------,---------,---------,---------,1,1,1,1
370,2026/07/21,10:32:39,924,504.292 ,504.315 ,504.458 ,125.637 ,125.637 ,125.618 ,504.355 ,125.630 ,NAN,150.818 ,151.377 ,151.932 ,0.34800E+03,0.34697E+03,0.34868E+03,151.376 ,0.34788E+03,NAN,67.387E+03,64.601E+03,3.312E+03,43.660E+03,43.545E+03,43.742E+03,131.988E+03,130.947E+03,NAN,76.056E+03,76.341E+03,76.643E+03,43.721E+03,43.592E+03,43.800E+03,132.237E+03,131.114E+03,NAN,-35.264E+03,40.679E+03,-76.572E+03,2.319E+03,2.026E+03,2.261E+03,5.415E+03,6.606E+03,NAN,0.88602 ,0.84621 ,0.04321 ,0.99859 ,0.99892 ,0.99867 ,0.99812 ,0.99873 ,NAN,-27.623 ,32.199 ,-87.523 ,3.040 ,2.664 ,2.958 ,3.518 ,2.892 ,NAN,60.003 ,60.003 ,60.003 ,60.004 ,60.003 ,60.003 ,60.001 ,60.005 ,60.003 ,60.003 ,60.001 ,60.004 ,1.622 ,1.669 ,1.757 ,1.787 ,1.941 ,1.853 ,5.363 ,5.376 ,5.647 ,5.705 ,5.334 ,5.663 ,---------,---------,---------,---------,---------,---------,---------,---------,---------,---------,---------,---------,---------,---------,---------,---------,---------,---------,---------,---------,---------,---------,---------,---------,---------,---------,---------,---------,---------,---------,---------,---------,---------,---------,---------,---------,---------,---------,---------,---------,---------,---------,---------,---------,---------,---------,---------,---------,---------,---------,---------,---------,---------,---------,---------,---------,---------,---------,---------,---------,---------,---------,---------,---------,---------,---------,---------,---------,---------,---------,---------,---------,---------,---------,---------,---------,---------,---------,---------,---------,---------,---------,---------,---------,---------,---------,---------,---------,---------,---------,---------,---------,---------,---------,---------,---------,---------,---------,---------,---------,---------,---------,---------,---------,---------,---------,---------,---------,---------,---------,---------,---------,---------,1,1,1,1
380,2026/07/21,10:34:19,923,505.177 ,505.460 ,505.246 ,125.853 ,125.839 ,125.911 ,505.294 ,125.868 ,NAN,150.626 ,151.333 ,152.204 ,0.34814E+03,0.34639E+03,0.34919E+03,151.387 ,0.34791E+03,NAN,67.445E+03,64.818E+03,3.371E+03,43.756E+03,43.550E+03,43.916E+03,132.263E+03,131.223E+03,NAN,76.093E+03,76.493E+03,76.900E+03,43.815E+03,43.590E+03,43.967E+03,132.493E+03,131.371E+03,NAN,-35.231E+03,40.617E+03,-76.826E+03,2.267E+03,1.852E+03,2.115E+03,5.385E+03,6.234E+03,NAN,0.88636 ,0.84738 ,0.04383 ,0.99866 ,0.99910 ,0.99884 ,0.99826 ,0.99887 ,NAN,-27.581 ,32.072 ,-87.488 ,2.965 ,2.436 ,2.757 ,3.377 ,2.729 ,NAN,60.010 ,60.009 ,60.010 ,60.007 ,60.007 ,60.012 ,60.011 ,60.010 ,60.011 ,60.008 ,60.011 ,60.008 ,1.690 ,1.705 ,1.825 ,1.844 ,1.958 ,1.859 ,4.855 ,4.896 ,5.671 ,5.535 ,4.621 ,5.521 ,---------,---------,---------,---------,---------,---------,---------,---------,---------,---------,---------,---------,---------,---------,---------,---------,---------,---------,---------,---------,---------,---------,---------,---------,---------,---------,---------,---------,---------,---------,---------,---------,---------,---------,---------,---------,---------,---------,---------,---------,---------,---------,---------,---------,---------,---------,---------,---------,---------,---------,---------,---------,---------,---------,---------,---------,---------,---------,---------,---------,---------,---------,---------,---------,---------,---------,---------,---------,---------,---------,---------,---------,---------,---------,---------,---------,---------,---------,---------,---------,---------,---------,---------,---------,---------,---------,---------,---------,---------,---------,---------,---------,---------,---------,---------,---------,---------,---------,---------,---------,---------,---------,---------,---------,---------,---------,---------,---------,---------,---------,---------,---------,---------,1,1,1,1
382,2026/07/21,10:34:39,923,505.384 ,505.733 ,505.412 ,126.006 ,125.985 ,126.079 ,505.509 ,126.024 ,NAN,120.516 ,121.111 ,121.851 ,0.27834E+03,0.27687E+03,0.27909E+03,121.159 ,0.27810E+03,NAN,53.820E+03,51.994E+03,2.450E+03,34.991E+03,34.818E+03,35.109E+03,105.814E+03,104.919E+03,NAN,60.907E+03,61.250E+03,61.585E+03,35.072E+03,34.881E+03,35.188E+03,106.083E+03,105.142E+03,NAN,-28.514E+03,32.375E+03,-61.536E+03,2.393E+03,2.096E+03,2.351E+03,3.861E+03,6.839E+03,NAN,0.88364 ,0.84889 ,0.03977 ,0.99767 ,0.99819 ,0.99777 ,0.99746 ,0.99788 ,NAN,-27.915 ,31.909 ,-87.720 ,3.913 ,3.444 ,3.830 ,4.082 ,3.735 ,NAN,60.011 ,60.012 ,60.012 ,60.011 ,60.014 ,60.013 ,60.010 ,60.012 ,60.013 ,60.010 ,60.017 ,60.013 ,1.673 ,1.690 ,1.798 ,1.881 ,2.013 ,1.912 ,6.819 ,6.672 ,7.389 ,7.437 ,6.567 ,7.214 ,---------,---------,---------,---------,---------,---------,---------,---------,---------,---------,---------,---------,---------,---------,---------,---------,---------,---------,---------,---------,---------,---------,---------,---------,---------,---------,---------,---------,---------,---------,---------,---------,---------,---------,---------,---------,---------,---------,---------,---------,---------,---------,---------,---------,---------,---------,---------,---------,---------,---------,---------,---------,---------,---------,---------,---------,---------,---------,---------,---------,---------,---------,---------,---------,---------,---------,---------,---------,---------,---------,---------,---------,---------,---------,---------,---------,---------,---------,---------,---------,---------,---------,---------,---------,---------,---------,---------,---------,---------,---------,---------,---------,---------,---------,---------,---------,---------,---------,---------,---------,---------,---------,---------,---------,---------,---------,---------,---------,---------,---------,---------,---------,---------,1,1,1,1
383,2026/07/21,10:34:49,922,505.308 ,505.647 ,505.419 ,125.985 ,125.983 ,126.053 ,505.458 ,126.007 ,NAN,120.521 ,121.109 ,121.864 ,0.27837E+03,0.27686E+03,0.27911E+03,121.164 ,0.27811E+03,NAN,53.810E+03,51.984E+03,2.445E+03,34.984E+03,34.814E+03,35.100E+03,105.794E+03,104.898E+03,NAN,60.900E+03,61.238E+03,61.592E+03,35.071E+03,34.879E+03,35.183E+03,106.077E+03,105.133E+03,NAN,-28.518E+03,32.369E+03,-61.544E+03,2.461E+03,2.139E+03,2.407E+03,3.851E+03,7.006E+03,NAN,0.88358 ,0.84888 ,0.03969 ,0.99754 ,0.99812 ,0.99766 ,0.99734 ,0.99777 ,NAN,-27.923 ,31.909 ,-87.725 ,4.024 ,3.515 ,3.923 ,4.183 ,3.828 ,NAN,60.005 ,60.009 ,60.008 ,60.005 ,60.005 ,60.006 ,60.004 ,60.007 ,60.009 ,60.006 ,60.006 ,60.008 ,1.677 ,1.681 ,1.805 ,1.890 ,2.017 ,1.909 ,7.086 ,7.327 ,7.776 ,7.669 ,7.069 ,7.808 ,---------,---------,---------,---------,---------,---------,---------,---------,---------,---------,---------,---------,---------,---------,---------,---------,---------,---------,---------,---------,---------,---------,---------,---------,---------,---------,---------,---------,---------,---------,---------,---------,---------,---------,---------,---------,---------,---------,---------,---------,---------,---------,---------,---------,---------,---------,---------,---------,---------,---------,---------,---------,---------,---------,---------,---------,---------,---------,---------,---------,---------,---------,---------,---------,---------,---------,---------,---------,---------,---------,---------,---------,---------,---------,---------,---------,---------,---------,---------,---------,---------,---------,---------,---------,---------,---------,---------,---------,---------,---------,---------,---------,---------,---------,---------,---------,---------,---------,---------,---------,---------,---------,---------,---------,---------,---------,---------,---------,---------,---------,---------,---------,---------,1,1,1,1
388,2026/07/21,10:35:39,922,505.289 ,505.654 ,505.376 ,125.975 ,125.971 ,126.062 ,505.440 ,126.003 ,NAN,120.429 ,121.056 ,122.010 ,0.27848E+03,0.27652E+03,0.27933E+03,121.165 ,0.27811E+03,NAN,53.810E+03,52.005E+03,2.470E+03,35.003E+03,34.777E+03,35.139E+03,105.815E+03,104.919E+03,NAN,60.852E+03,61.213E+03,61.661E+03,35.082E+03,34.833E+03,35.213E+03,106.074E+03,105.128E+03,NAN,-28.415E+03,32.288E+03,-61.612E+03,2.346E+03,1.987E+03,2.280E+03,3.873E+03,6.614E+03,NAN,0.88428 ,0.84958 ,0.04005 ,0.99776 ,0.99837 ,0.99790 ,0.99756 ,0.99801 ,NAN,-27.837 ,31.834 ,-87.705 ,3.835 ,3.271 ,3.712 ,4.006 ,3.615 ,NAN,60.014 ,60.014 ,60.016 ,60.012 ,60.013 ,60.015 ,60.018 ,60.014 ,60.013 ,60.014 ,60.013 ,60.013 ,1.681 ,1.712 ,1.830 ,1.897 ,2.060 ,1.920 ,6.834 ,6.914 ,7.485 ,7.423 ,6.708 ,7.409 ,---------,---------,---------,---------,---------,---------,---------,---------,---------,---------,---------,---------,---------,---------,---------,---------,---------,---------,---------,---------,---------,---------,---------,---------,---------,---------,---------,---------,---------,---------,---------,---------,---------,---------,---------,---------,---------,---------,---------,---------,---------,---------,---------,---------,---------,---------,---------,---------,---------,---------,---------,---------,---------,---------,---------,---------,---------,---------,---------,---------,---------,---------,---------,---------,---------,---------,---------,---------,---------,---------,---------,---------,---------,---------,---------,---------,---------,---------,---------,---------,---------,---------,---------,---------,---------,---------,---------,---------,---------,---------,---------,---------,---------,---------,---------,---------,---------,---------,---------,---------,---------,---------,---------,---------,---------,---------,---------,---------,---------,---------,---------,---------,---------,1,1,1,1
411,2026/07/21,10:39:30,022,503.849 ,503.913 ,503.811 ,125.791 ,125.765 ,125.807 ,503.857 ,125.788 ,NAN,60.564 ,61.056 ,61.697 ,139.643 ,138.429 ,140.189 ,61.106 ,139.420 ,NAN,26.877E+03,26.020E+03,1.303E+03,17.4197E+03,17.2870E+03,17.4893E+03,52.897E+03,52.1960E+03,NAN,30.515E+03,30.767E+03,31.084E+03,17.5658E+03,17.4096E+03,17.6368E+03,53.327E+03,52.6122E+03,NAN,-14.449E+03,16.418E+03,-31.056E+03,-2.2605E+03,-2.0623E+03,-2.2763E+03,1.969E+03,-6.5991E+03,NAN,0.88079 ,0.84571 ,0.04193 ,0.99169 ,0.99296 ,0.99164 ,0.99194 ,0.99209 ,NAN,-28.262 ,32.252 ,-87.597 ,-7.394 ,-6.803 ,-7.416 ,7.282 ,7.211 ,NAN,60.016 ,60.015 ,60.014 ,60.016 ,60.019 ,60.009 ,60.017 ,60.002 ,60.014 ,60.015 ,60.012 ,60.013 ,1.476 ,1.524 ,1.635 ,1.660 ,1.796 ,1.708 ,13.187 ,12.871 ,13.839 ,14.202 ,12.934 ,13.753 ,---------,---------,---------,---------,---------,---------,---------,---------,---------,---------,---------,---------,---------,---------,---------,---------,---------,---------,---------,---------,---------,---------,---------,---------,---------,---------,---------,---------,---------,---------,---------,---------,---------,---------,---------,---------,---------,---------,---------,---------,---------,---------,---------,---------,---------,---------,---------,---------,---------,---------,---------,---------,---------,---------,---------,---------,---------,---------,---------,---------,---------,---------,---------,---------,---------,---------,---------,---------,---------,---------,---------,---------,---------,---------,---------,---------,---------,---------,---------,---------,---------,---------,---------,---------,---------,---------,---------,---------,---------,---------,---------,---------,---------,---------,---------,---------,---------,---------,---------,---------,---------,---------,---------,---------,---------,---------,---------,---------,---------,---------,---------,---------,---------,1,1,1,1
419,2026/07/21,10:40:50,022,504.073 ,504.007 ,503.840 ,125.860 ,125.780 ,125.826 ,503.973 ,125.822 ,NAN,60.588 ,61.043 ,61.618 ,139.577 ,138.498 ,140.014 ,61.083 ,139.363 ,NAN,26.886E+03,26.012E+03,1.269E+03,17.4255E+03,17.2968E+03,17.4732E+03,52.898E+03,52.1955E+03,NAN,30.541E+03,30.766E+03,31.046E+03,17.5671E+03,17.4203E+03,17.6174E+03,53.320E+03,52.6048E+03,NAN,-14.487E+03,16.429E+03,-31.020E+03,-2.2262E+03,-2.0703E+03,-2.2497E+03,1.942E+03,-6.5462E+03,NAN,0.88033 ,0.84548 ,0.04089 ,0.99194 ,0.99291 ,0.99181 ,0.99209 ,0.99222 ,NAN,-28.317 ,32.277 ,-87.657 ,-7.280 ,-6.825 ,-7.337 ,7.210 ,7.152 ,NAN,60.011 ,60.009 ,60.008 ,60.011 ,60.006 ,60.010 ,60.003 ,60.008 ,60.011 ,60.011 ,59.994 ,60.012 ,1.485 ,1.572 ,1.642 ,1.673 ,1.834 ,1.779 ,12.553 ,12.983 ,13.285 ,13.359 ,12.793 ,13.644 ,---------,---------,---------,---------,---------,---------,---------,---------,---------,---------,---------,---------,---------,---------,---------,---------,---------,---------,---------,---------,---------,---------,---------,---------,---------,---------,---------,---------,---------,---------,---------,---------,---------,---------,---------,---------,---------,---------,---------,---------,---------,---------,---------,---------,---------,---------,---------,---------,---------,---------,---------,---------,---------,---------,---------,---------,---------,---------,---------,---------,---------,---------,---------,---------,---------,---------,---------,---------,---------,---------,---------,---------,---------,---------,---------,---------,---------,---------,---------,---------,---------,---------,---------,---------,---------,---------,---------,---------,---------,---------,---------,---------,---------,---------,---------,---------,---------,---------,---------,---------,---------,---------,---------,---------,---------,---------,---------,---------,---------,---------,---------,---------,---------,1,1,1,1
423,2026/07/21,10:41:30,023,503.736 ,503.707 ,503.688 ,125.765 ,125.742 ,125.760 ,503.711 ,125.756 ,NAN,60.489 ,61.000 ,61.698 ,139.563 ,138.228 ,140.159 ,61.062 ,139.317 ,NAN,26.866E+03,26.014E+03,1.306E+03,17.4186E+03,17.2714E+03,17.4910E+03,52.881E+03,52.1809E+03,NAN,30.471E+03,30.726E+03,31.077E+03,17.5522E+03,17.3811E+03,17.6264E+03,53.274E+03,52.5596E+03,NAN,-14.375E+03,16.352E+03,-31.049E+03,-2.1616E+03,-1.9500E+03,2.1806E+03,1.976E+03,-1.9310E+03,NAN,0.88172 ,0.84664 ,0.04201 ,0.99239 ,0.99369 ,0.99232 ,0.99261 ,0.99279 ,NAN,-28.150 ,32.152 ,-87.592 ,-7.074 ,-6.442 ,7.106 ,6.968 ,6.882 ,NAN,59.986 ,59.987 ,59.987 ,59.986 ,59.985 ,59.986 ,59.988 ,59.987 ,59.986 ,59.986 ,59.985 ,59.989 ,1.430 ,1.536 ,1.607 ,1.590 ,1.784 ,1.717 ,11.709 ,12.930 ,13.305 ,12.871 ,12.170 ,13.864 ,---------,---------,---------,---------,---------,---------,---------,---------,---------,---------,---------,---------,---------,---------,---------,---------,---------,---------,---------,---------,---------,---------,---------,---------,---------,---------,---------,---------,---------,---------,---------,---------,---------,---------,---------,---------,---------,---------,---------,---------,---------,---------,---------,---------,---------,---------,---------,---------,---------,---------,---------,---------,---------,---------,---------,---------,---------,---------,---------,---------,---------,---------,---------,---------,---------,---------,---------,---------,---------,---------,---------,---------,---------,---------,---------,---------,---------,---------,---------,---------,---------,---------,---------,---------,---------,---------,---------,---------,---------,---------,---------,---------,---------,---------,---------,---------,---------,---------,---------,---------,---------,---------,---------,---------,---------,---------,---------,---------,---------,---------,---------,---------,---------,1,1,1,1
